,word,count,w_s_sum
0,雨伞,2423,1938419
1,折叠,2401,2046644
2,太阳伞,2200,1277127
3,两用,2187,2152480
4,防晒,2179,1343425
5,伞,2051,745909
6,紫外线,1985,1164554
7,防,1811,1151396
8,晴雨伞,1796,565235
9,遮阳伞,1730,922714
10,黑胶,1541,541366
11,女,1341,698041
12,晴雨,1260,1331710
13,天堂伞,1147,595253
14,小,1075,741603
15,清新,928,598930
16,创意,767,314685
17,长柄,677,206837
18,三,662,231307
19,男女,652,1091547
20,双人,598,1104459
21,超轻,595,307487
22,全自动,594,1044333
23,商务,572,107756
24,遮阳,566,288453
25,学生,540,888227
26,加固,538,995412
27, ,526,101574
28,折伞,521,152386
29,广告伞,520,108954
30,定制,513,206801
31,三折,502,865306
32,韩国,419,422017
33,号,381,1144977
34,迷你,376,153662
35,加大,347,421476
36,折叠伞,334,118718
37,男,320,166907
38,防风,319,721975
39,男士,306,116618
40,大,289,461292
41,logo,284,59919
42,超大,254,656116
43,自动,251,139918
44,儿童,249,89925
45,女士,246,25730
46,礼品,243,43210
47,简约,239,90842
48,女神,238,401415
49,五折,226,91332
50,口袋,216,73996
51,印,212,31544
52,双层,212,68235
53,五,210,92166
54,女晴雨,194,340125
55,卡通,189,21621
56,定做,187,21402
57,印字,183,18752
58,个性,171,154956
59,公主,169,52900
60,小黑,165,21412
61,LOGO,165,16721
62,蕾丝,149,15569
63,可爱,147,27606
64,复古,145,24639
65,骨,144,91297
66,纯色,137,14275
67,印刷,133,21331
68,格子,128,30824
69,抗风,127,96755
70,轻便,114,44959
71,直杆,114,13179
72,伞女,113,55596
73,新款,105,22192
74,自动伞,105,25685
75,森系,101,25307
76,宝宝,100,67421
77,天堂,100,11569
78,三人,97,106079
79,便携,97,18802
80,小学生,96,40395
81,直柄,96,44797
82,遮,86,73002
83,透明,86,39488
84,潮流,84,160645
85,红叶,83,28831
86,正品,79,41395
87,韩版,78,4891
88,批发,77,19226
89,半自动,75,12564
90,伞晴雨,73,13544
91,反向,72,49422
92,彩虹,71,11399
93,十骨,71,16080
94,铅笔,68,8184
95,幼儿园,67,58243
96,小孩,67,59727
97,柄,67,6628
98,太阳,66,13836
99,广告,66,17139
100,开收,64,623426
101,小巧,63,11323
102,伞防,63,8184
103,大号,62,734135
104,高尔夫,59,3561
105,式,58,44133
106,印花,58,1048
107,旗舰店,57,95613
108,Cmon,56,22637
109,拒水,56,18325
110,钢骨,55,1917
111,弯,55,3723
112,时尚,55,16153
113,黑色,55,54807
114,包邮,54,8133
115,16,53,5047
116,新品,53,3719
117,女小,52,21627
118,ins,52,19782
119,文艺,51,13746
120,沛欣,51,1532
121,条纹,51,5437
122,免持,51,42511
123,-,50,16035
124,人大,49,39076
125,女童,49,10099
126,加厚,49,9385
127,洋伞,48,15104
128,&,48,37949
129,轻巧,47,36092
130,樱花,47,4526
131,10,47,20336
132,花边,47,1210
133,户外,46,13405
134,可,46,20765
135,24,41,30107
136,定,41,18696
137,upf50,41,25759
138,双,41,12689
139,汽车,41,34753
140,轻,41,4878
141,制定,41,18854
142,羚羊,40,4479
143,美度,40,545
144,+,40,65830
145,早安,40,4479
146,情侣,40,9940
147,新娘,40,6009
148,伞面,39,11457
149,女防,39,3968
150,结婚,38,6108
151,家用,37,84912
152,女三,37,24162
153,超强,37,10880
154,车用,37,24002
155,银胶,36,26849
156,官网,36,69845
157,拱形,36,755
158,英伦,36,6595
159,做,36,7548
160,成人,36,3542
161,图案,35,2009
162,胶囊,35,35774
163,女孩,35,3334
164,车载,34,21607
165,遇水,34,4593
166,风,34,3098
167,2018,33,1156
168,雨,32,2741
169,婚庆,32,5606
170,变色,32,3194
171,刺绣,32,1191
172,遮光,31,1794
173,TIME,31,37768
174,可折叠,31,86376
175,防雨,31,2258
176,LOVER,31,37768
177,用,30,3653
178,罩,30,105422
179,订做,29,1607
180,甩干,29,25038
181,少女,29,3792
182,餐桌,29,85466
183,开花,28,3722
184,款,28,1311
185,花,28,1888
186,饭菜,28,84995
187,抗,28,27590
188,食物,27,85086
189,红色,27,4721
190,自开,27,25382
191,百盛,27,363
192,订制,27,7884
193,Qiutong,27,2843
194,夏天,27,201
195,女生,26,409
196,边,26,1438
197,专卖,26,381
198,德国,25,14450
199,绣花,25,919
200,专业,25,1193
201,日本,25,1958
202,伞大,25,1522
203,字,24,5211
204,油画,24,1001
205,太阳城,24,2013
206,大伞,24,9804
207,雨景,23,3496
208,轻小,23,1009
209,12,23,45674
210,菲诺,23,2371
211,动漫,22,4917
212,夏季,22,526
213,素色,22,564
214,防水,22,14560
215,日系,22,1124
216,格,21,434
217,5,21,1536
218,经典,21,2975
219,火烈鸟,21,1892
220,风暴,21,24650
221,全,20,1974
222,511,20,14442
223,可印,20,1838
224,自收,20,1552
225,雨燕,20,505
226,碎花,19,457
227,小五,19,1747
228,2,19,5514
229,丰登,19,1797
230,/,19,3888
231,C,19,193
232,名佳宜,18,442
233,反骨,18,30524
234,男童,18,10207
235,苍蝇,18,56484
236,安全,18,2546
237,木柄,18,7287
238,手动,18,1051
239,R,17,181
240,收纳,17,8736
241,单人,17,625
242,长方形,17,69814
243,彩胶,17,629
244,】,17,3445
245,强力,17,4980
246,环保,17,2571
247,遮太阳,16,3443
248,伞大号,16,37573
249,盖菜,16,75295
250,菜,16,41517
251,蘑菇,16,394
252,纤维,16,584
253,UPF50,16,56731
254,碰,16,1406
255,男大号,16,99965
256,雨伞架,16,8026
257,QIUTONG,16,2676
258,猫咪,16,1204
259,【,16,3344
260,星空,16,4317
261,波点,15,1352
262,维纳,15,9593
263,gzg,15,2404
264,赛,15,9593
265,碰击,15,3868
266,软妹,15,938
267,女伞,15,2336
268,加强,15,418
269,菜罩,15,17728
270,妃格莱儿,14,637
271,喜庆,14,3392
272,强,14,734
273,商务礼品,14,899
274,希雨,14,174
275,二,14,1142
276,自开收,14,821
277,十一,14,160
278,BFW,14,13768
279,油纸伞,14,205
280,NEW,13,410
281,白色,13,457
282,通用,13,2046
283,龙翔,13,1493
284,红伞,13,1972
285,弯钩,13,276
286,风景,13,43
287,剩菜,13,43013
288,岁,13,289
289,安巢,13,402
290,顾得,13,390
291,迷彩,12,234
292,小防,12,1922
293,晒,12,283
294,手柄,12,434
295,波浪,12,228
296,罩子,12,46558
297,布,12,848
298,优趣,12,302
299,桶,12,2028
300,罗司,12,141
301,婚礼,12,462
302,梵爵,12,823
303,嗮,12,1433
304,用品,12,1554
305,清仓,12,611
306,春夏季,12,76
307,异度,12,25633
308,飞誉,12,845
309,春夏,12,3038
310,原宿,12,4640
311,爱心,12,796
312,二折,12,76
313,毕六福,12,131
314,梅花,12,1987
315,报纸,11,822
316,女大号,11,9845
317,淑女,11,364
318,超,11,835
319,寸,11,55
320,一键,11,328
321,彩色,11,2125
322,圆形,11,7692
323,木耳,11,207
324,摆摊,11,9952
325,紫外,11,1633
326,2016,11,27
327,手绘,11,1480
328,3,11,6734
329,ANCHOW,11,287
330,套,11,14038
331,出嫁,10,4066
332,袖珍,10,95
333,小伞,10,1774
334,初,10,35
335,男晴雨,10,8898
336,暴雨,10,1750
337,晴,10,2422
338,礼物,10,651
339,黑伞,10,3202
340,插画,10,1391
341,大红,10,1554
342,反光,10,294
343,小童,10,9561
344,做印,10,13212
345,中国,10,235
346,小熊,10,146
347,芭比,10,942
348,2017,10,127
349,小口袋,10,5199
350,酒店,10,6002
351,多功能,10,1792
352,工艺,10,1085
353,FaSoLa,10,83
354,阳伞,10,1108
355,安妮,9,539
356,小晴雨,9,8842
357,男孩,9,119
358,长伞,9,2285
359,唯美,9,77
360,生活,9,15
361,防蝇,9,28380
362,晒太阳,9,93
363,雅,9,539
364,猫,9,247
365,名果,9,343
366,女五,9,4589
367,爱丽嘉,9,155
368,优恩美,9,326
369,古典,9,102
370,伞五,9,946
371,50,9,46
372,骨架,9,58
373,伞印,9,404
374,站立,9,596
375,18,9,362
376,色,9,1765
377,闪光,9,2104
378,天之水,9,126
379,江南,9,90
380,伞轻,9,558
381,童伞,9,367
382,糖果,8,129
383,蓝,8,411
384,伞套,8,282
385,动物,8,164
386,全钢,8,420
387,女款,8,8227
388,钩,8,1634
389,玫瑰,8,227
390,原创,8,1239
391,JOYMADE,8,447
392,饭桌,8,25986
393,放,8,1072
394,礼盒,8,130
395,星座,8,104
396,隔热,8,414
397,实用,8,94
398,1,8,6771
399,PVC,8,247
400,泡泡,8,228
401,遮菜,8,32158
402,susino,8,1912
403,红,8,1351
404,铁艺,8,5024
405,6,8,7577
406,日式,8,349
407,307E,8,470
408,防直,8,21
409,花朵,8,38
410,道具,8,186
411,迎宾,8,2369
412,赛洛,8,73
413,碗,8,11389
414,倩姿,8,434
415,直,8,460
416,涂鸦,8,1032
417,拐杖,8,574
418,系列,8,1632
419,心,8,527
420,送,7,712
421,古风,7,108
422,纯,7,925
423,HAVEN,7,133
424,幼儿,7,283
425,夹手,7,160
426,莫奈,7,108
427,伞包,7,205
428,高密,7,931
429,把,7,2187
430,架子,7,6370
431,晴之缘,7,97
432,二次元,7,65
433,有效,7,9489
434,女方,7,1164
435,绅士,7,562
436,折,7,1285
437,玫瑰花,7,65
438,羽毛,7,379
439,涩,7,26
440,豹纹,7,21
441,ZY,7,146
442,意,7,205
443,沙滩,7,8646
444,p,7,198
445,桌,7,37790
446,陌制,7,97
447,陌丽,7,577
448,手开,7,331
449,色织,7,108
450,促销,7,915
451,海军,7,82
452,V,7,74
453,✅,7,5870
454,天使,7,82
455,挡,7,540
456,厂家,7,4373
457,格纹,7,448
458,8,7,3160
459,陪嫁,7,1360
460,酷纪,6,278
461,熊,6,764
462,透光,6,406
463,Qzi,6,261
464,两,6,39
465,宫廷,6,13
466,粉色,6,487
467,艺源,6,133
468,厂家直销,6,3463
469,洋,6,38
470,跃高,6,385
471,实木,6,2390
472,葡,6,200
473,蝴蝶结,6,38
474,菠萝,6,368
475,TTK,6,3181
476,伸缩,6,392
477,蓝雨,6,204
478,欧式,6,2223
479,舞蹈,6,91
480,木质,6,46
481,数码,6,21
482,hellokitty,6,180
483,雏菊,6,4104
484,w,6,196
485,.,6,196
486,优雅,6,117
487,不锈钢,6,124
488,之,6,74
489,复古风,6,78
490,烫金,6,407
491,可印刷,6,417
492,女轻,6,16006
493,宫,6,40
494,金蝶,6,239
495,2014,6,6
496,日光,6,4
497,小红帽,6,920
498,小朋友,6,42
499,小女孩,6,811
500,c,6,196
501,UV,6,18
502,339S,6,46
503,厨房,6,5510
504,大堂,6,5761
505,挂钩,6,5396
506,免,6,4040
507,不透光,6,177
508,邮,6,200
509,ROE,6,32
510,强防,6,1472
511,西湖,6,799
512,小女,6,97
513,龙猫,6,538
514,加粗,6,28
515,塑料,6,3106
516,长,6,518
517,七彩,6,3466
518,黑,6,2260
519,336T,6,51
520,盖,5,30932
521,荷叶,5,25
522,同款,5,575
523,双面,5,174
524,旅行,5,7
525,紫霓儿,5,468
526,兔子,5,818
527,升级,5,217
528,韩式,5,130
529,三五,5,1208
530,元素,5,255
531,手机,5,914
532,伞骨,5,122
533,MAYDU,5,39
534,·,5,2902
535,凯蒂,5,86
536,Adima,5,108
537,车,5,2790
538,迪士尼,5,153
539,带,5,129
540,包,5,56
541,罩盖,5,2165
542,4,5,111
543,pejafan,5,497
544,女日系,5,2687
545,威迪,5,439
546,阿波罗,5,47
547,银胶防,5,557
548,登山,5,211
549,底座,5,111
550,3311E,5,1087
551,之秀,5,4970
552,东晨,5,814
553,设计,5,31
554,Hellokitty,5,316
555,男生,5,123
556,莱登,5,51
557,南极,5,108
558,小花,5,903
559,刻字,5,1971
560,静美,5,272
561,收缩,5,1035
562,漫画,5,3813
563,搞怪,5,2026
564,企业,5,86
565,防滑,5,662
566,伞布,5,35
567,伞三人,5,433
568,睛,5,357
569,架,5,1129
570,传统,5,72
571,十字,5,105
572,梵高,5,695
573,中小学生,5,260
574,伞架,5,2654
575,胶布,5,314
576,雨具,5,3807
577,防尘,5,1906
578,韩,5,389
579,女森系,5,265
580,军工,5,12527
581,金,5,51
582,宫崎骏,5,476
583,蝴蝶,5,198
584,春色,5,63
585,钢杆,5,364
586,图,5,17
587,男小,5,10204
588,反转,5,43
589,庭院,4,154
590,兔,4,115
591,创优,4,1619
592,鸟笼,4,156
593,接待,4,17
594,名,4,1619
595,米奇,4,140
596,水果,4,29
597,品,4,1619
598,19,4,15
599,扁,4,437
600,双三人,4,446
601,荧光,4,10
602,柠檬,4,98
603,降温,4,13
604,美国,4,1314
605,薇,4,21
606,边长,4,56
607,蚂蚁,4,398
608,机,4,142
609,十二,4,473
610,RY,4,2885
611,RAIN,4,2885
612,彩,4,36
613,花瓣,4,71
614,NR,4,1015
615,心晴雨,4,32
616,神,4,2243
617,添福,4,24
618,雨衣,4,3166
619,恶魔,4,102
620,挡风,4,19590
621,三人用,4,11
622,伴娘,4,39
623,大黑,4,49
624,CURMAN,4,5
625,潮,4,592
626,零时,4,5108
627,生日礼物,4,99
628,维雅莉,4,2771
629,冉竹,4,10
630,300T,4,40
631,joyheart,4,344
632,NX,4,2731
633,手,4,2308
634,直伞,4,214
635,袋机,4,142
636,金属,4,225
637,差,4,5108
638,老人,4,208
639,结实,4,32
640,立方,4,36
641,浪漫,4,334
642,爱斯曼,4,2748
643,鸭,4,2563
644,肯,4,436
645,5.11,4,132
646,日,4,1227
647,皮质,4,321
648,骨超,4,1703
649,宝塔,4,24
650,lotosblume,4,422
651,专用,4,843
652,树叶,4,937
653,耐用,4,150
654,西瓜,4,45
655,规格,4,92
656,男双,4,13092
657,抖音,4,2904
658,],4,63
659,银丝,4,24
660,配色,4,92
661,熊本,4,136
662,两折,4,48
663,[,4,63
664,宫日系,4,61
665,北欧,4,844
666,钓鱼,4,98
667,雨程,4,42
668,托马斯,4,1143
669,内,4,1326
670,周边,4,58
671,kitty,4,305
672,水,4,95
673,落地,4,830
674,开,4,13
675,广告礼品,4,66
676,风格,4,20
677,青年,4,1366
678,官方,4,823
679,小宝宝,4,712
680,MINISO,4,1619
681,慕妮,4,21
682,3D,4,108
683,原品,3,11
684,装饰,3,36
685,圆萌,3,71
686,女用,3,16
687,帆布,3,1314
688,长杆,3,7
689,蓝胶,3,3
690,女三人,3,2091
691,台湾,3,178
692,沐枫,3,1861
693,心伞,3,2676
694,打孔,3,4027
695,零,3,395
696,欧型,3,340
697,强效,3,15
698,女式,3,14
699,GZG,3,158
700,梨花,3,50
701,ok,3,17
702,涂层,3,308
703,凡羔,3,28
704,超小,3,30
705,ulzzang,3,274
706,易,3,3072
707,孩子,3,2627
708,寸彩纤,3,33
709,双头,3,77
710,钢骨伞,3,43
711,多色,3,31
712,Fasola,3,71
713,潮伞,3,1204
714,IN,3,32
715,小猫咪,3,445
716,自拍,3,2
717,下,3,99
718,沐彩,3,3445
719,911,3,6230
720,0,3,11
721,樱桃,3,69
722,洁莱雅,3,61
723,竹,3,211
724,胶,3,1
725,座,3,938
726,392E,3,1
727,马卡龙,3,95
728,Kitty,3,1566
729,339,3,54
730,版小,3,835
731,系,3,29
732,宝骧,3,44
733,猫头鹰,3,9
734,骨伞,3,28
735,SWIFT,3,16
736,粘钩,3,4027
737,蓝天白云,3,125
738,小弯,3,299
739,立体,3,203
740,叶子,3,142
741,酒瓶,3,301
742,轻量,3,7
743,大型,3,24
744,桌盖,3,1036
745,休闲,3,303
746,百合花,3,75
747,电动车,3,19589
748,米,3,57
749,骨大号,3,2188
750,镂空,3,50
751,屋,3,101
752,防暴,3,59
753,钢,3,50
754,潮人,3,1203
755,粘胶,3,4027
756,品质,3,74
757,随机,3,3434
758,伞直,3,1502
759,小鹿,3,57
760,颜色,3,3434
761,myfun,3,1861
762,娃娃,3,108
763,轻型,3,10
764,千鸟,3,188
765,蓬,3,19589
766,中式,3,75
767,伞银胶,3,67
768,强劲,3,47
769,A,3,23
770,内层,3,13
771,超薄,3,1432
772,Hello,3,1566
773,造型,3,69
774,古代,3,43
775,笑脸,3,16
776,置物,3,835
777,狮妮,3,5
778,渐变,3,61
779,网易,3,999
780,丝印,3,9
781,伞森系,3,26
782,后备箱,3,1453
783,印制,3,29
784,3309E,3,19
785,花伞,3,63
786,伞日系,3,89
787,HelloKitty,3,145
788,甜美,3,6
789,香蕉,3,43
790,俊希,3,9258
791,hello,3,148
792,亮片,3,9
793,萌系,3,44
794,弯勾,3,502
795,收大号,3,286
796,大小,3,4814
797,特大号,3,117
798,制订,3,8
799,雨伞套,3,203
800,金线,3,43
801,骨三,3,49
802,3311e,3,28
803,蒂,3,5
804,骷髅头,3,19
805,幸运,3,50
806,左,3,22135
807,恋蝶,3,50
808,多彩,3,44
809,伞强,3,52
810,眼睛,3,22
811,布晴雨,3,1693
812,大童,3,411
813,|,3,8
814,草莓,2,9
815,FN,2,6
816,21,2,3
817,黑涤彩胶,2,2
818,33230E,2,10
819,upf,2,0
820,固定,2,539
821,国旗,2,2
822,制印,2,76
823,风雨,2,8
824,嫁妆,2,46
825,携带,2,111
826,男式,2,1098
827,布一,2,893
828,开收防,2,1449
829,黑白,2,30
830,卡格,2,4
831,强迪,2,15
832,木杆,2,33
833,瑞承,2,51
834,U,2,10
835,手推,2,22
836,隐格,2,23
837,字母,2,167
838,人用,2,13
839,驾航,2,94
840,伞送,2,72
841,魔御,2,41
842,04,2,24
843,黑丝靓,2,4
844,三节,2,4
845,客户,2,44
846,人气,2,824
847,固定架,2,1009
848,雪月风花,2,250
849,中性,2,1
850,礼仪,2,11
851,扁平,2,373
852,居家,2,7885
853,内用,2,757
854,耳朵,2,64
855,轻细,2,171
856,缤纷,2,1
857,若瑶,2,2
858,三双,2,7390
859,东穗,2,27
860,奇异果,2,6
861,钢架,2,19
862,伞座,2,52
863,耐磨,2,193
864,乐牛,2,692
865,欧美,2,20
866,saiveina,2,3
867,啦,2,19
868,铝合金,2,7
869,沛欣小,2,12
870,遮伞,2,387
871,晒防,2,3
872,腰带,2,234
873,LG,2,2
874,牛仔,2,37
875,仙人掌,2,119
876,短款,2,1179
877,夹,2,192
878,蓝森,2,45
879,抗风大号,2,478
880,小波点,2,1602
881,国色天香,2,2
882,懒之家,2,2
883,焦蕉,2,99
884,325E,2,9
885,洛丽塔,2,134
886,伞纯,2,38
887,装,2,142
888,帐,2,52
889,来图,2,13
890,雨棚,2,37
891,偏心,2,75
892,起布,2,3
893,冬季,2,44
894,伞带,2,12
895,01,2,121
896,锁,2,369
897,迪卡侬,2,721
898,钱包,2,1179
899,防抗,2,31909
900,KITTY,2,282
901,吃,2,6
902,手持,2,9
903,子,2,241
904,彩印,2,7
905,官,2,627
906,正版,2,38
907,男十骨,2,572
908,海伦,2,1
909,贴,2,818
910,支架,2,539
911,塑胶,2,4
912,型,2,283
913,布小,2,1925
914,小黄,2,2422
915,物语,2,10
916,克,2,23
917,凯元,2,8522
918,系小,2,139
919,垃圾桶,2,757
920,透气,2,42
921,伞超,2,12
922,2013,2,0
923,人防,2,80
924,鑫航,2,37
925,伞钢,2,1
926,蒲公英,2,7
927,lLOGO,2,987
928,Logo,2,2694
929,缤彩,2,2
930,游,2,599
931,女性,2,36
932,棕榈,2,1312
933,风晴雨,2,31857
934,伞罩,2,873
935,短伞,2,26
936,伞防直,2,2
937,花海,2,21
938,男款,2,29
939,晴雨防,2,369
940,格漫尔,2,6
941,高档,2,3
942,青蛙,2,8
943,选,2,14
944,亭,2,133
945,裤带,2,234
946,毛巾,2,3013
947,心语,2,8
948,渐变色,2,852
949,银行,2,256
950,伞双,2,294
951,枫叶,2,141
952,表情,2,16
953,鞋柜,2,1059
954,3331e,2,14
955,PICK,2,10
956,时光,2,6
957,树,2,230
958,特色,2,307
959,LED,2,28
960,泼水,2,33
961,煜,2,133
962,可定,2,57
963,裙边,2,49
964,饭,2,4722
965,墙上,2,3589
966,放置,2,3574
967,lemonkid,2,51
968,婴儿,2,72
969,猴,2,24
970,收伞,2,14339
971,遇光,2,41
972,33230e,2,41
973,官网防,2,2520
974,小孩子,2,21
975,成,2,963
976,33400e,2,6
977,艺舟,2,0
978,桐油,2,16
979,Angelrain,2,5
980,锐乐,2,21
981,婚伞,2,169
982,国防,2,314
983,爱,2,5
984,暴风雨,2,58
985,14,2,15
986,皮,2,11
987,粉,2,356
988,外,2,44
989,单层,2,341
990,hugmii,2,134
991,迷,2,17
992,推车,2,40
993,磨砂,2,34
994,动漫卡通,2,75
995,拼色,2,15
996,皮带,2,234
997,）,2,36
998,瑞拉,2,54
999,POE,2,10
1000,云,2,1105
1001,叶,2,1312
1002,熊猫,2,8
1003,美人鱼,2,7
1004,心防,2,58
1005,头带,2,369
1006,伞十骨,2,39
1007,梦,2,18
1008,聚酯,2,23
1009,风情,2,48
1010,杭州,2,6
1011,大黄,2,141
1012,收开,2,27
1013,轻小晴雨,2,3
1014,多款,2,25
1015,轻晴雨,2,3
1016,飞碟,2,2864
1017,坚固,2,11
1018,置物架,2,3129
1019,套装,2,338
1020,DIY,2,142
1021,棒,2,2270
1022,饭罩,2,570
1023,阳光,2,46
1024,鸭子,2,23
1025,牡丹,2,9
1026,台风,2,1370
1027,魔术,2,396
1028,反,2,204
1029,好旺,2,16
1030,盈佰,2,44
1031,3035E,2,4
1032,闪,2,3
1033,天之水防,2,17
1034,安波,2,54
1035,热销,2,10
1036,男女生,2,56
1037,easily24,2,325
1038,加,2,12
1039,反折,2,172
1040,武士,2,2004
1041,刺猬,2,1851
1042,层,2,8
1043,空间,2,268
1044,配件,2,45
1045,亲子,2,141
1046,馨家坊,2,225
1047,活动,2,14
1048,习雨,2,33
1049,清晰,2,294
1050,美女,2,4
1051,宫夏目,2,31
1052,宜人,2,13
1053,功夫,2,8
1054,送礼,2,5
1055,纯黑,2,31
1056,铁塔,2,29
1057,男三,2,104
1058,布防,2,11
1059,木中,2,2270
1060,皮夹,2,1179
1061,年,2,339
1062,玩具,2,37
1063,雨客,2,6
1064,十片,2,9
1065,积度,2,13
1066,烧花,2,30
1067,小轻,2,345
1068,仿,2,17
1069,阿玛蔻,2,16
1070,恶搞,2,10
1071,骨遇,2,37
1072,纤细,2,85
1073,滑稽,2,14
1074,雷运,2,959
1075,子女,2,27
1076,哈士奇,2,30
1077,姑苏,2,2
1078,文字,2,19
1079,P,2,404
1080,精美,2,22
1081,莱坊,2,0
1082,伞花,2,2
1083,刀柄,2,177
1084,两人,2,77
1085,橙子,2,6
1086,网迷,2,627
1087,家,2,7885
1088,编织,2,234
1089,推拉,2,6
1090,圆点,2,10
1091,订定,2,1961
1092,森系防,2,536
1093,夏,2,147
1094,丝光,2,2
1095,玲珑,2,3
1096,艺术,2,70
1097,伞大童,2,179
1098,便轻,2,47
1099,盈佰客,2,17
1100,伞定,2,48
1101,弹力,2,83
1102,33435E,2,46
1103,双色,2,13
1104,33051E,2,1
1105,友人,2,52
1106,Moremerry,2,389
1107,小格子,2,231
1108,（,2,36
1109,摄影,2,74
1110,红牡丹,2,9
1111,雨鼎,2,5
1112,梦幻,2,31
1113,学霸,2,423
1114,33188E,2,833
1115,桃心,2,685
1116,蓝色,2,465
1117,简洁,2,278
1118,严选,2,7
1119,HELLO,2,282
1120,圆,2,9566
1121,竖,2,26
1122,方格,2,39
1123,PEJAFAN,2,7473
1124,小兔子,2,39
1125,萌宠,2,63
1126,八骨,2,7071
1127,旗舰,2,67
1128,携带方便,2,66
1129,雕花,2,215
1130,INS,2,379
1131,线,2,4
1132,包边,2,7
1133,uv,2,27
1134,卡通动漫,2,21
1135,气质,2,380
1136,33509E,2,3
1137,天格,2,47
1138,伞盖,2,6128
1139,色丁格,2,8
1140,拍照,2,2
1141,带包,2,12
1142,钥匙,2,1047
1143,海螺,2,393
1144,太,2,215
1145,伞桶,2,257
1146,出口,1,5
1147,十骨大号,1,11
1148,三人强,1,1
1149,褥垫,1,54
1150,7,1,5
1151,胶印,1,6
1152,正招,1,2
1153,清楚,1,4
1154,甩卖,1,2
1155,缎面,1,7
1156,带锁,1,114
1157,超拱,1,6
1158,喜欢,1,170
1159,SSJS,1,32
1160,宝骧防,1,9
1161,绒,1,1
1162,暗格,1,1
1163,掌上明珠,1,8
1164,木弯,1,31
1165,UPF,1,3
1166,达利,1,9
1167,口红,1,35
1168,33447E,1,19
1169,似水,1,1
1170,丝边,1,0
1171,2839,1,38
1172,汉服,1,0
1173,海,1,0
1174,法斗,1,4
1175,地图,1,18
1176,1099,1,17
1177,像素,1,1
1178,justmode,1,818
1179,呆萌,1,5
1180,边遇,1,0
1181,Rain,1,4
1182,承接,1,3
1183,9.9,1,4
1184,清爽,1,3
1185,女全,1,1
1186,垫,1,310
1187,伞潮,1,4
1188,波普,1,840
1189,蚊帐,1,1425
1190,碎,1,0
1191,相间,1,2
1192,骨五,1,3089
1193,岗亭,1,25
1194,LIFELAND,1,1
1195,美丽,1,0
1196,遮光罩,1,40
1197,用红,1,18
1198,鹿,1,13
1199,：,1,4
1200,爱美,1,2
1201,礼,1,12
1202,雨花,1,25
1203,SUSINO,1,24
1204,防线,1,29
1205,瓢虫,1,3
1206,纪念,1,1117
1207,刀把,1,7
1208,网纱,1,83
1209,效应,1,15
1210,槽,1,3
1211,311,1,1
1212,鸟,1,16
1213,电瓶车,1,3
1214,围布,1,34
1215,抗风防,1,1
1216,花波点,1,5
1217,原木,1,489
1218,雪堡,1,31
1219,遮雨,1,6
1220,伞遇,1,6
1221,风长,1,313
1222,圆领,1,42
1223,伞全,1,2
1224,五角星,1,3
1225,钱,1,99
1226,夹子,1,99
1227,OL,1,6
1228,WPC,1,24
1229,萌妹,1,32
1230,鸡鹿,1,1
1231,城市,1,22
1232,原,1,2
1233,3338e,1,3
1234,30046e,1,1
1235,33190,1,1
1236,边晴雨,1,561
1237,心许,1,0
1238,06B,1,7
1239,伞大伞,1,1
1240,英雄,1,6
1241,遮阳板,1,40
1242,平滑,1,145
1243,奥迪,1,3
1244,榻榻米,1,54
1245,2015,1,1
1246,多盈,1,0
1247,黑丝亮,1,0
1248,一对,1,101
1249,武士刀,1,170
1250,欧徕,1,169
1251,小牛,1,1
1252,靴,1,296
1253,m,1,54
1254,纺,1,21
1255,浴巾,1,33
1256,薄款,1,42
1257,骨大,1,8
1258,小胡子,1,4
1259,SSJSY,1,1844
1260,加长,1,12
1261,普罗旺斯,1,1
1262,垃圾袋,1,662
1263,演出,1,4
1264,常规,1,10
1265,出行,1,18
1266,布三,1,3
1267,压花,1,4
1268,33363e,1,6
1269,边红,1,65
1270,大熊,1,39
1271,摩托,1,19584
1272,二十四,1,8
1273,弯头,1,9
1274,向日葵,1,6
1275,City,1,19
1276,颈椎,1,101
1277,男剑,1,7
1278,夏彩,1,6
1279,雨鞋,1,296
1280,年轻人,1,89
1281,授权,1,23
1282,哇,1,4
1283,日出,1,44
1284,33212E,1,149
1285,沛欣晴雨,1,5
1286,娴淑,1,1
1287,粉团,1,0
1288,透风,1,3
1289,细波点,1,8
1290,23,1,1
1291,骨银胶,1,14
1292,巴黎,1,10
1293,点点,1,0
1294,携,1,3
1295,心选,1,303
1296,搭配,1,4
1297,鄙视,1,21
1298,狐狸,1,1
1299,可印定,1,5
1300,支持,1,5
1301,宜洁,1,1
1302,伞头,1,6
1303,小萌狗,1,4
1304,背带,1,2
1305,流星,1,91
1306,随停,1,12
1307,大嘴,1,4
1308,麦田,1,27
1309,HGF,1,112
1310,向,1,4
1311,防翻,1,4
1312,香玲,1,1
1313,可意,1,10
1314,蜜蜂,1,3
1315,30461E,1,1
1316,感统,1,35
1317,2311E,1,4
1318,半夏,1,46
1319,经济,1,113
1320,霜山,1,442
1321,表演,1,1108
1322,老年,1,176
1323,轻款,1,0
1324,覆膜,1,1
1325,载,1,6
1326,肯手,1,3
1327,33245e,1,1
1328,30496E,1,1
1329,麦,1,190
1330,开关,1,2
1331,曦,1,45
1332,利创,1,1
1333,花期,1,2
1334,墙壁,1,438
1335,皮卡丘,1,19
1336,防爆,1,12
1337,外线,1,255
1338,新晴雨,1,15
1339,订,1,67
1340,柯基,1,4
1341,伞二,1,8
1342,童,1,5
1343,610810,1,62
1344,纤小,1,59
1345,373E,1,0
1346,漫记,1,5
1347,团购,1,2
1348,213E,1,2
1349,SSLJ,1,16
1350,\,1,19
1351,长尾,1,1
1352,直营,1,24
1353,队长,1,0
1354,1048,1,21
1355,视,1,67
1356,方便,1,4
1357,枝叶,1,54
1358,整理,1,380
1359,多用,1,8
1360,训练,1,35
1361,印包,1,2
1362,拍杆,1,0
1363,女波点,1,12
1364,图腾,1,1
1365,桌罩,1,6435
1366,勾,1,54
1367,翻转,1,2
1368,朗天抗,1,30
1369,欧州,1,9
1370,八,1,9
1371,悬挂,1,662
1372,座椅,1,296
1373,英文,1,1
1374,加硬,1,4
1375,女子,1,6
1376,伞彩胶,1,4
1377,33224e,1,3
1378,韩版仿,1,10
1379,30,1,30
1380,源茜,1,6
1381,小盒,1,39
1382,大理石,1,21
1383,反男,1,4
1384,甲骨,1,7
1385,仗,1,2
1386,利器,1,4
1387,漫舞,1,20
1388,换购,1,10
1389,33445E,1,3
1390,礼品盒,1,3
1391,汇,1,647
1392,四,1,0
1393,色胶,1,0
1394,自,1,0
1395,森女,1,83
1396,轻布,1,4
1397,随身,1,4
1398,伞雨蓬,1,2
1399,仙鹤,1,1
1400,边喜,1,27
1401,112CM,1,24
1402,美伞,1,7
1403,双槽,1,8
1404,小王子,1,12
1405,吟唱,1,0
1406,HEDYBIRD,1,4
1407,风防,1,1
1408,326,1,1
1409,商务车,1,2
1410,天之缘,1,18
1411,晴伞雨,1,5
1412,四折,1,2
1413,睡莲,1,14
1414,便携式,1,169
1415,中柱,1,25
1416,晴雨俩,1,16
1417,麦阿蜜,1,81
1418,手推车,1,1425
1419,风范,1,5
1420,细长,1,1
1421,绿叶,1,9
1422,绒彩胶,1,1
1423,悠悠,1,1
1424,木,1,14
1425,户外广告,1,34
1426,双伞,1,448
1427,花瓶,1,2
1428,完美,1,3
1429,超双,1,38
1430,熊出没,1,39
1431,迷之鹿,1,326
1432,燕王,1,1
1433,雨季,1,2
1434,女日,1,119
1435,可拆卸,1,266
1436,山越,1,67
1437,学院,1,6
1438,淘宝,1,303
1439,COS,1,9
1440,伞八骨,1,24
1441,滴水,1,668
1442,Cmom,1,34
1443,茶花,1,0
1444,网红晴雨,1,2
1445,小猫,1,4
1446,伞内,1,4
1447,微糖,1,1
1448,仿古,1,67
1449,军迷,1,24
1450,XCS,1,22
1451,30500E,1,1
1452,古居,1,2
1453,洋气,1,3
1454,蓝女款,1,0
1455,奇幻,1,16
1456,旺,1,169
1457,神烦,1,137
1458,大菜,1,90
1459,秋衣,1,42
1460,面料,1,17
1461,阻挡,1,3
1462,围巾,1,530
1463,执伞,1,6
1464,激情,1,2
1465,手仗,1,176
1466,水红,1,65
1467,三人抗,1,9
1468,全身,1,27
1469,晾衣架,1,33
1470,TINYTIMES,1,0
1471,骨弯,1,38
1472,放伞桶,1,73
1473,boogiebear,1,233
1474,33257e,1,1
1475,心五,1,9
1476,124cm,1,13
1477,07A,1,8
1478,老虎,1,29
1479,双妞,1,2
1480,美人蕉,1,96
1481,芬芳,1,1
1482,伞袋机,1,31
1483,反收,1,26
1484,印象,1,44
1485,长方,1,2288
1486,超扁,1,0
1487,大弯,1,7
1488,迹,1,10
1489,天鹅,1,5
1490,小鸟,1,3
1491,长短,1,65
1492,骨抗,1,313
1493,显花,1,0
1494,三轮车,1,3
1495,倒置,1,834
1496,禾,1,1
1497,优惠,1,4
1498,天日,1,2
1499,枕头,1,101
1500,33323E,1,4
1501,基础,1,42
1502,黑多色,1,8
1503,新彩胶,1,336
1504,焦,1,13
1505,33349e,1,5
1506,宿舍,1,2980
1507,33365e,1,1
1508,夏目,1,24
1509,喽,1,111
1510,花儿,1,5
1511,扁头,1,2
1512,苏格兰,1,9
1513,伞小五,1,372
1514,购买,1,4
1515,1.2,1,54
1516,礼盒装,1,5
1517,13021E,1,13
1518,盒子,1,3
1519,双层车,1,290
1520,一色,1,3
1521,新娘新郎,1,110
1522,LTF,1,3
1523,浮水,1,1
1524,1.5,1,54
1525,厚,1,24
1526,欧洲,1,2
1527,剩,1,686
1528,遮盖,1,471
1529,固,1,759
1530,中秋节,1,35
1531,垂钓,1,8
1532,春日,1,1
1533,KK,1,230
1534,摇摇,1,632
1535,名字,1,13
1536,学生宿舍,1,54
1537,超级,1,3
1538,镀铬,1,2
1539,胶防,1,6
1540,玉兰花,1,6
1541,品唐,1,59
1542,伞军迷,1,28
1543,伞红晴雨,1,6
1544,半自,1,2
1545,单头,1,27
1546,亨,1,12
1547,童女,1,210
1548,吐露,1,1
1549,l,1,60
1550,娇葵,1,0
1551,伞抗,1,1
1552,3318E,1,1
1553,沾,1,609
1554,newber,1,39
1555,彩胶防,1,5
1556,53026E,1,5
1557,批,1,2
1558,新郎,1,36
1559,涤纶布,1,13
1560,单件,1,3
1561,布网,1,310
1562,网红,1,2414
1563,开创,1,5
1564,避雨,1,3
1565,33491E,1,0
1566,十股,1,13
1567,黑银胶,1,3
1568,股男款,1,2
1569,新奇特,1,27
1570,三人女,1,12
1571,第三代,1,4
1572,室外,1,25
1573,苏,1,7
1574,33264e,1,1
1575,逸活,1,0
1576,91E8,1,11
1577,横款,1,99
1578,晴伞,1,6
1579,创意设计,1,27
1580,33343E,1,0
1581,字色胶,1,23
1582,laraybaby,1,59
1583,纸盒,1,3
1584,伞伞,1,3
1585,沛欣小白,1,124
1586,变形金刚,1,3
1587,全棉,1,101
1588,伞轻潮,1,230
1589,冰淇淋,1,5
1590,骨洛樱粉,1,47
1591,骨强,1,72
1592,弯弯,1,46
1593,粘贴,1,438
1594,伞手,1,2
1595,33442E,1,32
1596,之心,1,3
1597,^,1,190
1598,53025e,1,1
1599,中,1,85
1600,萌猫,1,33
1601,自然,1,1
1602,大战,1,1
1603,色丁,1,5
1604,洋夏,1,6
1605,女宝,1,2
1606,风三,1,5
1607,MD,1,65
1608,四季,1,39
1609,雷雨,1,2
1610,元起,1,4
1611,沁蕾,1,1
1612,9,1,18
1613,似花,1,5
1614,Qiutong16,1,2069
1615,33138e,1,2
1616,美,1,6
1617,织格,1,0
1618,百露,1,672
1619,碰起,1,1
1620,easily,1,22
1621,自行车,1,19584
1622,萌,1,8
1623,轻三,1,1
1624,拍,1,2
1625,晴雨单,1,27
1626,猪,1,129
1627,四叶草,1,1
1628,条款,1,4
1629,酒店用品,1,19
1630,智能,1,1
1631,熊熊,1,20
1632,艾米娜,1,16
1633,花漾,1,0
1634,精致,1,81
1635,朗,1,2
1636,收小,1,10
1637,产,1,159
1638,丰度,1,17
1639,荣耀,1,137
1640,33348E,1,1
1641,BigOrange,1,2581
1642,号睛,1,48
1643,边方,1,3
1644,110cm,1,24
1645,实惠,1,1
1646,多层,1,266
1647,芭蕉叶,1,219
1648,形,1,9
1649,水手服,1,13
1650,伞猫,1,5
1651,蜗牛,1,10
1652,床垫,1,54
1653,M3327,1,13
1654,小云鹤,1,2
1655,控,1,17
1656,二三,1,2
1657,33217e,1,4
1658,康乐,1,73
1659,玻璃纤维,1,2458
1660,蚊子,1,2288
1661,伞袋,1,67
1662,伞筒,1,149
1663,水墨,1,9
1664,风荷,1,3
1665,网兜,1,380
1666,灿若繁星,1,0
1667,棚,1,86
1668,夏弯,1,13
1669,韵,1,1
1670,天空,1,30
1671,格一,1,0
1672,落地式,1,3418
1673,森林,1,85
1674,精灵,1,19
1675,羽,1,101
1676,多人,1,1
1677,毫米,1,9
1678,@,1,190
1679,包邮初,1,2
1680,如琬,1,5
1681,油彩,1,3
1682,如梦,1,2
1683,Qutong,1,2
1684,偶遇,1,5
1685,条,1,7
1686,森灵鹿,1,2
1687,军旅,1,24
1688,聆听,1,2
1689,韩系,1,1151
1690,聚酯纤维,1,26
1691,清雨,1,4
1692,汉文,1,7
1693,单双,1,2
1694,神秘,1,12
1695,豆,1,1
1696,组装,1,266
1697,四条,1,41
1698,针织,1,145
1699,小雨,1,10
1700,黑晴雨,1,1
1701,婴幼儿,1,1
1702,外贸出口,1,21
1703,内花,1,4
1704,米妮,1,7
1705,时节,1,1
1706,恒好,1,21
1707,心形,1,0
1708,森,1,4
1709,鹿花开,1,10
1710,33460E,1,0
1711,susnio,1,27
1712,印可印,1,1
1713,床,1,54
1714,扳手,1,21
1715,丝绒,1,101
1716,300g,1,19
1717,开学,1,7
1718,灯,1,1
1719,swift,1,5
1720,韧性,1,589
1721,挡风玻璃,1,310
1722,暴走,1,17
1723,机器人,1,11
1724,拐棍,1,176
1725,CM,1,3
1726,大暴雨,1,9
1727,55F07,1,9
1728,Jorqueen,1,0
1729,33371E,1,3
1730,人小,1,23
1731,女友,1,4
1732,被,1,54
1733,杰尼伦,1,11
1734,布包,1,561
1735,子大号,1,686
1736,花影,1,162
1737,合金,1,19
1738,橙,1,1812
1739,遮雨棚,1,19584
1740,咖,1,12
1741,跳舞,1,4
1742,坐,1,29
1743,大嘴鸟,1,2
1744,挂,1,255
1745,女黑,1,902
1746,罗棠,1,0
1747,格三,1,7
1748,收,1,12
1749,伞睛,1,111
1750,log0,1,1
1751,轻小扁,1,324
1752,搞笑,1,4
1753,哆,1,17
1754,33232E,1,4
1755,伪装,1,28
1756,扁形,1,16
1757,SOLOGNAC,1,28
1758,接,1,2458
1759,2145E,1,2
1760,大抗,1,39
1761,纷飞,1,3
1762,物品,1,12
1763,豹子头,1,1
1764,挡雨,1,19584
1765,狗狗,1,47
1766,冲,1,12
1767,牛津布,1,99
1768,包邮可,1,2
1769,雨晴,1,24
1770,边伞,1,5
1771,菱格,1,14
1772,男格,1,336
1773,遮菜防,1,569
1774,伞日,1,66
1775,PE,1,2
1776,雨花石,1,1
1777,色女,1,53
1778,1071,1,7
1779,热带,1,30
1780,保安,1,25
1781,风车,1,4
1782,枕,1,101
1783,58.5,1,3
1784,出色,1,3
1785,女大,1,3
1786,超细,1,7
1787,之桐,1,45
1788,伞轻细,1,1
1789,根,1,4
1790,33438E,1,3
1791,老年人,1,8
1792,147E,1,0
1793,劳斯莱斯,1,33
1794,车窗,1,310
1795,挂式,1,95
1796,甜甜蜜蜜,1,3
1797,小森系,1,8
1798,趣味,1,31
1799,粉嫩,1,5
1800,浅色系,1,99
1801,边潮,1,1
1802,音乐,1,992
1803,1011,1,83
1804,晚色,1,1
1805,佳丽,1,1
1806,伞胶,1,58
1807,星罗旗布,1,1
1808,勿忘我,1,306
1809,格格,1,3
1810,风三人,1,1
1811,窗台,1,1
1812,门口,1,266
1813,染色,1,0
1814,骨接边,1,13
1815,diy,1,16
1816,探索,1,17
1817,304,1,33
1818,卡伊,1,4
1819,繁花,1,2
1820,遮银胶,1,11
1821,岁防,1,78
1822,广场,1,4
1823,鞋子,1,266
1824,竹子,1,2
1825,反开,1,26
1826,落花,1,1
1827,3312E,1,3
1828,丛林,1,5
1829,可选,1,21
1830,高级,1,9
1831,单位,1,13
1832,强暴,1,2
1833,kukobold,1,15
1834,超晴雨,1,95
1835,紫绿,1,2
1836,情怀,1,4
1837,马卡龙色,1,9
1838,男伞,1,28
1839,小萌,1,29
1840,商场,1,19
1841,05A,1,38
1842,女遇光,1,2
1843,炫酷,1,1
1844,美少女,1,81
1845,先生,1,1805
1846,裤,1,41
1847,361E,1,2
1848,Ins,1,283
1849,33363E,1,40
1850,花田,1,1
1851,细,1,4
1852,秋裤,1,42
1853,扣,1,145
1854,十色,1,16
1855,窈窕淑女,1,2
1856,韵遇,1,58
1857,者,1,137
1858,33330E,1,1
1859,33114E,1,0
1860,两色,1,19
1861,world,1,156
1862,芬菲诗,1,1827
1863,毛笔,1,0
1864,金丝,1,1
1865,战,1,81
1866,猫少,1,9
1867,L,1,4
1868,全版,1,3
1869,达令,1,190
1870,NITORI,1,9
1871,勾柄,1,3
1872,墨点,1,1
1873,包包,1,2
1874,月光,1,0
1875,374,1,1
1876,进口,1,24
1877,号十骨,1,455
1878,170E,1,2
1879,品牌,1,1117
1880,粉粉,1,77
1881,紫线,1,29
1882,地,1,169
1883,女王,1,137
1884,大学生,1,14
1885,飞天,1,67
1886,懒,1,13
1887,怪物,1,647
1888,星际,1,834
1889,梵轩,1,8
1890,电瓶,1,19584
1891,恋人,1,0
1892,葵花,1,5
1893,凌乱,1,3320
1894,帽披,1,450
1895,05B,1,6
1896,33394,1,1
1897,得,1,10
1898,摄,1,2458
1899,玻纤伞,1,8
1900,老师,1,31
1901,112cm,1,22
1902,天,1,65
1903,33451E,1,20
1904,黄鸭,1,59
1905,牢固,1,18
1906,33236,1,3
1907,折扣,1,86
1908,创小,1,13
1909,度日,1,6
1910,270,1,21
1911,angelrain,1,1
1912,街,1,2
1913,年款面,1,1
1914,夜行,1,4
1915,收纳盒,1,662
1916,灯光,1,27
1917,妩媚,1,0
1918,福袋,1,12
1919,长款,1,6
1920,贴墙,1,149
1921,波,1,2
1922,全罩,1,1425
1923,帘,1,40
1924,田园,1,0
1925,禁欲,1,2
1926,66135,1,13
1927,降落伞,1,35
1928,范,1,5
1929,雨水,1,10
1930,丁香,1,1
1931,沾水,1,3
1932,巨无霸,1,30
1933,太帅,1,129
1934,UPICK,1,1
1935,褥子,1,54
1936,1.8,1,54
1937,MAIAMI,1,4
1938,女夏,1,0
1939,安,1,1
1940,伞车,1,1425
1941,名族,1,2
1942,开车,1,9
1943,限购,1,16
1944,️,1,698
1945,水现,1,6
1946,星辰,1,12
1947,EVA,1,7
1948,婴儿车,1,1425
1949,晴雨三人,1,10
1950,羽间,1,20
1951,鑫,1,10
1952,素衣,1,0
1953,尿布,1,33
1954,33501E,1,1
1955,细条,1,1
1956,life,1,156
1957,HELLOKITTY,1,58
1958,卡通图,1,112
1959,cmon,1,219
1960,保温,1,486
1961,开合,1,2
1962,寄语,1,1
1963,白灰,1,438
1964,位挂,1,114
1965,箭头,1,840
1966,超小防,1,36
1967,寸彩,1,59
1968,蛙,1,3
1969,萌妙,1,1
1970,17,1,1
1971,初中生,1,68
1972,短柄,1,3
1973,OK,1,2
1974,幻彩,1,1
1975,狗,1,137
1976,鸳鸯,1,18
1977,串珠,1,1
1978,Sun,1,19
1979,大头,1,16
1980,格大,1,10
1981,33250e,1,1
1982,骑士,1,2
1983,守望者,1,27
1984,士,1,273
1985,柔情,1,1
1986,袋子,1,65
1987,扎辫子,1,110
1988,桃红,1,2
1989,制,1,3
1990,葡萄,1,5
1991,棉毛衫,1,42
1992,33098E,1,0
1993,壳,1,313
1994,推,1,169
1995,赛车,1,2
1996,低至,1,4
1997,门厅,1,318
1998,迈迪,1,65
1999,黑丝,1,3
2000,映日,1,5
2001,339s,1,113
2002,邦,1,1
2003,纳米,1,1
2004,33502E,1,8
2005,扣百搭,1,89
2006,北极星,1,3
2007,吊顶,1,8
2008,名典,1,0
2009,手杖,1,12
2010,下雨,1,13
2011,小号,1,5
2012,法式,1,13
2013,星光,1,68
2014,厕所,1,2980
2015,方块,1,5
2016,防蚊,1,187
2017,合辑,1,5
2018,茶,1,9
2019,希,1,3
2020,木纹,1,8
2021,戏法,1,2
2022,33190E,1,3
2023,荷兰,1,4
2024,半透明,1,6
2025,折叠车,1,41
2026,形状,1,18
2027,球球,1,33
2028,岩石,1,1
2029,轻接边,1,8
2030,黑交,1,779
2031,旅途,1,4
2032,办公,1,318
2033,黑衣人,1,6
2034,换伞,1,7
2035,仙女,1,2
2036,领,1,42
2037,优力,1,34
2038,平安,1,2
2039,抽奖,1,12
2040,大大,1,449
2041,大双,1,4
2042,迷小防,1,16
2043,洛樱,1,6
2044,小晴,1,0
2045,男刀,1,170
2046,父亲节,1,27
2047,置,1,662
2048,男友,1,27
2049,直骨,1,72
2050,饭碗,1,473
2051,兩伞,1,18
2052,伞反,1,5
2053,伞形,1,33
2054,衡利,1,3
2055,防护,1,22
2056,logo10,1,11
2057,卡片,1,6
2058,鱼,1,5
2059,角落,1,13
2060,贵宾,1,0
2061,铁,1,15
2062,1016,1,30
2063,码,1,3
2064,自营,1,6
2065,3331E,1,191
2066,33392E,1,5
2067,棉质,1,41
2068,大女,1,3
2069,伞多色,1,2
2070,贴布,1,40
2071,风大伞,1,44
2072,湖水,1,0
2073,适合,1,24
2074,拉丝,1,2
2075,笑口常开,1,1
2076,简易,1,266
2077,鲨,1,4
2078,西米亚,1,2
2079,墨,1,10
2080,33146E,1,5
2081,省,1,266
2082,大眼,1,3
2083,早教,1,35
2084,象,1,16
2085,印树,1,2
2086,斑点,1,17
2087,盒,1,3
2088,走秀伞,1,0
2089,主张,1,2
2090,33397e,1,1
2091,贝拉,1,2
2092,十,1,10
2093,旗袍,1,0
2094,标语,1,2
2095,SYXF,1,1
2096,防尘罩,1,486
2097,小白,1,5
2098,3336E,1,0
2099,遮阳棚,1,34
2100,奇邦,1,12
2101,海棠,1,113
2102,XSZ,1,2
2103,33205E,1,1
2104,摩丝,1,3
2105,男轻,1,10
2106,帽,1,2414
2107,流行,1,7
2108,时代,1,2
2109,17cm,1,7
2110,晴叠,1,4
2111,色三人,1,132
2112,椅背,1,914
2113,薄纱,1,1
2114,树脂,1,1
2115,帐篷,1,34
2116,袋,1,65
2117,33166E,1,1
2118,五洲,1,35
2119,Qiutong140cm,1,2
2120,朵,1,671
2121,斗篷,1,2414
2122,西红柿,1,255
2123,晴雨女,1,81
2124,军威,1,2
2125,古铜,1,2
2126,经,1,19
2127,33471E,1,74
2128,310,1,2
2129,缩骨,1,313
2130,骨晴,1,52
2131,时装,1,2
2132,长颈鹿,1,25
2133,五十把,1,2
2134,北极熊,1,3
2135,193E,1,29
2136,碧波,1,3
2137,桃花,1,5
2138,位,1,6
2139,绿,1,9
2140,手指,1,21
2141,晾晒,1,33
2142,伞大码,1,15
2143,凯元大号,1,81
2144,精品,1,7
2145,轻盈,1,5
2146,柯南,1,6
2147,庆,1,12
2148,新潮,1,1
2149,生,1,68
2150,36,1,255
2151,青花瓷,1,16
2152,新海,1,13
2153,灭火器,1,380
2154,倒,1,14070
2155,包装盒,1,3
2156,双骨,1,4
2157,麋鹿,1,0
2158,✳,1,698
2159,绿色,1,3
2160,金胶,1,1
2161,挂袋,1,380
2162,纹,1,3
2163,音长,1,2581
2164,纱,1,442
2165,斜阳,1,2
2166,全式,1,2
2167,115cm,1,2267
2168,畅想,1,1
2169,阳台,1,25
2170,张,1,39
2171,物盒,1,662
2172,熊防,1,20
2173,logoC,1,280
2174,见光,1,0
2175,泰迪熊,1,308
2176,婚,1,18
2177,中指,1,21
2178,*,1,7
2179,菲寻,1,571
2180,摩登,1,7
2181,海洋,1,5
2182,男黑,1,2623
2183,珊瑚,1,0
2184,公司,1,6
2185,铁艺排,1,793
2186,犯人,1,6
2187,如初,1,1
2188,平角,1,41
2189,衣柜,1,793
2190,雨滴,1,25
2191,wpc,1,824
2192,若雨,1,128
2193,神奇,1,512
2194,民族,1,0
2195,蔻,1,793
2196,满版,1,1
2197,33479E,1,3
2198,手推式,1,2
2199,菱形,1,0
2200,回礼,1,190
2201,蝶恋花,1,15
2202,骨晴雨,1,11
2203,柳塘风,1,16
2204,独角兽,1,17
2205,雨披,1,6
2206,球,1,6
2207,Susino,1,15
2208,花园,1,15
2209,自开童,1,2
2210,33510E,1,0
2211,敦煌,1,67
2212,十元,1,10
2213,31021E,1,1
2214,4FE3,1,11
2215,男三人,1,1348
2216,婚纱影楼,1,2
2217,系高冷,1,2
2218,仓鼠,1,5
2219,书包,1,6
2220,办公室,1,156
2221,363,1,5
2222,防锈漆,1,455
2223,布妮,1,0
2224,06A,1,21
2225,男防,1,750
2226,护,1,101
2227,33455E,1,2
2228,涂黑,1,1
2229,宫晴雨,1,2
2230,水滴,1,2
2231,兼用,1,17
2232,普通,1,2
2233,沛欣五,1,1
2234,屋三,1,4
2235,晴雨二用,1,39
2236,山水画,1,6
2237,雨猫,1,12
2238,晴雨用,1,88
2239,黄色,1,4
2240,船锚,1,2
2241,网罩,1,442
2242,奥特曼,1,14
2243,印防,1,1
2244,328E,1,2
2245,十六,1,1
2246,小老虎,1,5
2247,记开,1,10
2248,尼,1,9
2249,卫生间,1,609
2250,北伦美,1,296
2251,健康,1,12
2252,宝丽姿,1,6
2253,旅游,1,176
2254,神器,1,450
2255,龙凤,1,7
2256,108cm,1,161
2257,乐迪小爱,1,3
2258,郁金,1,0
2259,骨竹,1,2
2260,男用,1,586
2261,做晴雨,1,30
2262,logo16,1,1633
2263,折女,1,2
2264,睫毛,1,46
2265,潮女,1,131
2266,夕夏,1,6
2267,面,1,7
2268,防滑垫,1,54
2269,见,1,1
2270,雾,1,70
2271,金穗,1,5
2272,Foucs,1,153
2273,304E,1,8
2274,约会,1,5
2275,水墨画,1,1
2276,银,1,6
2277,更大,1,53
2278,安波瑞,1,2
2279,双晴雨,1,1
2280,内裤,1,41
2281,板帘,1,310
2282,一次性,1,65
2283,男青年,1,89
2284,珠光,1,4
2285,家庭,1,4
2286,以上,1,2
2287,，,1,4
2288,抗风女,1,650
2289,经久耐用,1,1
2290,瓜子,1,5
2291,典,1,19
2292,碳纤维,1,1
2293,穹顶,1,105
2294,刀,1,1997
2295,359D,1,2
2296,obolts,1,2
2297,主义,1,1
2298,头,1,2
2299,386E,1,8
2300,人晴雨,1,7336
2301,版,1,13
2302,承重,1,438
2303,宝可梦,1,19
2304,细杆,1,295
2305,网,1,187
2306,布伞,1,2
2307,竹伞,1,9
2308,33278E,1,1
2309,女银胶,1,0
2310,童男,1,68
2311,INESIS,1,693
2312,晨露,1,1
2313,超伞,1,66
2314,鲨鱼,1,0
2315,诚,1,13
2316,33020E,1,2
2317,鞋架,1,266
2318,花样,1,21
2319,抖,1,2581
2320,朗天,1,1
2321,多,1,23
2322,飞侠,1,3
2323,免费,1,2
2324,枕芯,1,101
2325,嘻,1,23
2326,八骨大号,1,12
2327,麦雨,1,4
2328,甲路,1,7
2329,树荫,1,7
2330,一把,1,16
2331,夏日,1,97
2332,前,1,310
2333,快乐,1,2
2334,绣球,1,0
2335,灰胶,1,34
2336,拉,1,671
2337,骷髅,1,89
2338,游戏,1,35
2339,女开收,1,1318
2340,内衣,1,42
2341,萱,1,2
2342,妈妈,1,140
2343,钻,1,3
2344,33138E,1,11
2345,星梦,1,6
2346,抗晒,1,4
2347,小白伞,1,72
2348,丝,1,793
2349,碳纤伞,1,3
2350,迎春花,1,2
2351,挡风遮雨,1,41
2352,双环,1,89
2353,抗风白,1,2458
2354,山花,1,9
2355,灯泡,1,170
2356,隐藏式,1,296
2357,大防,1,2
2358,哈,1,111
2359,达,1,7
2360,快,1,5
2361,之花,1,1
2362,SSLT,1,18
2363,喜伞,1,127
2364,收双,1,23245
2365,伞银,1,4
2366,log,1,0
2367,大厅,1,1
2368,男宝,1,2
2369,蓝黑,1,0
2370,强风,1,6
2371,伞波点,1,24
2372,创升,1,1598
2373,色系,1,7
2374,纽贝耳,1,39
2375,花带,1,8
2376,收纳袋,1,116
2377,伞真,1,270
2378,33499E,1,5
2379,宫柯基狗,1,26
2380,团结,1,17
2381,樱,1,11
2382,欧版,1,2
2383,中腰,1,41
2384,love,1,375
2385,紫色,1,8
2386,大码,1,1
